Program ID,Affiliate program name,Affiliate Link,Currency
1574,"EU Gardencenter","//ds1.nl/c/?si=1574&li=95251&wi=#MEDIA_ID#&ws=#SUB_ID#","EUR"
7382,"Victoria Milan (International CPA)","//rkn3.net/c/?si=7382&li=1343284&wi=#MEDIA_ID#&ws=#SUB_ID#","EUR"
18835,"Daisycon: Energievergelijker BE","//ds1.nl/c/?si=18835&li=1810724&wi=#MEDIA_ID#&ws=#SUB_ID#","EUR"
7630,"AliExpress","//ds1.nl/c/?si=7630&li=1354896&wi=#MEDIA_ID#&ws=#SUB_ID#","EUR"
8274,"Alibaba","//ds1.nl/c/?si=8274&li=1381938&wi=#MEDIA_ID#&ws=#SUB_ID#","USD"
8373,"Toluna (NL)","//ds1.nl/c/?si=8373&li=1386041&wi=#MEDIA_ID#&ws=#SUB_ID#","EUR"
14190,"Grand Jury des Téléspectateurs (FR)","//ds1.nl/c/?si=14190&li=1611026&wi=#MEDIA_ID#&ws=#SUB_ID#","EUR"
19334,"GreenPanthera (UK)","//jdt8.net/c/?si=19334&li=1828702&wi=#MEDIA_ID#&ws=#SUB_ID#","EUR"
10546,"Gaybuddy.nl","//lt45.net/c/?si=10546&li=1466986&wi=#MEDIA_ID#&ws=#SUB_ID#","EUR"
10604,"Qupid (NL)","//lt45.net/c/?si=10604&li=1468510&wi=#MEDIA_ID#&ws=#SUB_ID#","EUR"
10938,"Bioloka (FR)","//lt45.net/c/?si=10938&li=1488374&wi=#MEDIA_ID#&ws=#SUB_ID#","EUR"
11072,"Bioloka - Für den Rücken (DE)","//lt45.net/c/?si=11072&li=1492296&wi=#MEDIA_ID#&ws=#SUB_ID#","EUR"
11372,"Toluna (HU)","//ds1.nl/c/?si=11372&li=1502928&wi=#MEDIA_ID#&ws=#SUB_ID#","EUR"
11460,"GayPartner.be","//lt45.net/c/?si=11460&li=1506828&wi=#MEDIA_ID#&ws=#SUB_ID#","EUR"
11794,"AVS4You (INT)","//lt45.net/c/?si=11794&li=1521752&wi=#MEDIA_ID#&ws=#SUB_ID#","EUR"
12328,"Voidu","//lt45.net/c/?si=12328&li=1541858&wi=#MEDIA_ID#&ws=#SUB_ID#","EUR"
12604,"Startselect","//lt45.net/c/?si=12604&li=1550574&wi=#MEDIA_ID#&ws=#SUB_ID#","EUR"
12626,"Ipsos iSay","//ds1.nl/c/?si=12626&li=1551254&wi=#MEDIA_ID#&ws=#SUB_ID#","EUR"
18993,"Ubisoft (INT)","//lt45.net/c/?si=18993&li=1816096&wi=#MEDIA_ID#&ws=#SUB_ID#","EUR"
12921,"Goedgemerkt (NL / BENL)","//lt45.net/c/?si=12921&li=1569280&wi=#MEDIA_ID#&ws=#SUB_ID#","EUR"
12922,"Gutmarkiert (DACH)","//lt45.net/c/?si=12922&li=1569333&wi=#MEDIA_ID#&ws=#SUB_ID#","EUR"
12924,"Oznaczone (PL)","//lt45.net/c/?si=12924&li=1569345&wi=#MEDIA_ID#&ws=#SUB_ID#","EUR"
12925,"Bienpegado (ES)","//lt45.net/c/?si=12925&li=1569358&wi=#MEDIA_ID#&ws=#SUB_ID#","EUR"
12926,"easy2name (UK)","//lt45.net/c/?si=12926&li=1569361&wi=#MEDIA_ID#&ws=#SUB_ID#","EUR"
12940,"Bienmarquer (FR / BEFR)","//lt45.net/c/?si=12940&li=1570645&wi=#MEDIA_ID#&ws=#SUB_ID#","EUR"
13009,"SurveyPronto (UK)","//jdt8.net/c/?si=13009&li=1573108&wi=#MEDIA_ID#&ws=#SUB_ID#","EUR"
17376,"Daisycon: Uitvaartverzekeringentool","//ds1.nl/c/?si=17376&li=1751150&wi=#MEDIA_ID#&ws=#SUB_ID#","EUR"
13018,"Daisycon: Dating Compare-website.com/Widget","//ds1.nl/c/?si=13018&li=1573349&wi=#MEDIA_ID#&ws=#SUB_ID#","EUR"
13179,"NordVPN","//lt45.net/c/?si=13179&li=1579168&wi=#MEDIA_ID#&ws=#SUB_ID#","EUR"
13204,"DUSK","//lt45.net/c/?si=13204&li=1579837&wi=#MEDIA_ID#&ws=#SUB_ID#","EUR"
13256,"Allyouplay","//lt45.net/c/?si=13256&li=1581736&wi=#MEDIA_ID#&ws=#SUB_ID#","EUR"
13299,"Razer","//lt45.net/c/?si=13299&li=1584209&wi=#MEDIA_ID#&ws=#SUB_ID#","EUR"
13310,"Kauartikel (INT)","//lt45.net/c/?si=13310&li=1584619&wi=#MEDIA_ID#&ws=#SUB_ID#","EUR"
13365,"Ashley Madison","//lt45.net/c/?si=13365&li=1588121&wi=#MEDIA_ID#&ws=#SUB_ID#","USD"
14180,"LifePoints (AT)","//ds1.nl/c/?si=14180&li=1610692&wi=#MEDIA_ID#&ws=#SUB_ID#","EUR"
13659,"YouGov (DK)","//rkn3.net/c/?si=13659&li=1597021&wi=#MEDIA_ID#&ws=#SUB_ID#","DKK"
13995,"Toluna (AR) - EUR","//ds1.nl/c/?si=13995&li=1604137&wi=#MEDIA_ID#&ws=#SUB_ID#","EUR"
13996,"Toluna (CL) - EUR","//ds1.nl/c/?si=13996&li=1604138&wi=#MEDIA_ID#&ws=#SUB_ID#","EUR"
14032,"Geekbuying","//lt45.net/c/?si=14032&li=1604762&wi=#MEDIA_ID#&ws=#SUB_ID#","USD"
14159,"PineCone Research (FR) 18-34yo","//ds1.nl/c/?si=14159&li=1610376&wi=#MEDIA_ID#&ws=#SUB_ID#","EUR"
14219,"Mediumastro (NL)","//lt45.net/c/?si=14219&li=1611940&wi=#MEDIA_ID#&ws=#SUB_ID#","EUR"
14241,"Mediumastro (BE)","//lt45.net/c/?si=14241&li=1612719&wi=#MEDIA_ID#&ws=#SUB_ID#","EUR"
14381,"Hide.me (EU)","//rkn3.net/c/?si=14381&li=1618638&wi=#MEDIA_ID#&ws=#SUB_ID#","EUR"
14504,"Moweb - myiyo (FR) CP1C","//rkn3.net/c/?si=14504&li=1623201&wi=#MEDIA_ID#&ws=#SUB_ID#","EUR"
16041,"YouGov (DE) - Social media 16+yo","//rkn3.net/c/?si=16041&li=1690204&wi=#MEDIA_ID#&ws=#SUB_ID#","EUR"
14666,"Lux Surveys (UK)","//jdt8.net/c/?si=14666&li=1630534&wi=#MEDIA_ID#&ws=#SUB_ID#","EUR"
14676,"YouGov (DE) 16+yo","//rkn3.net/c/?si=14676&li=1631515&wi=#MEDIA_ID#&ws=#SUB_ID#","EUR"
14965,"Superdry (EU)","//rkn3.net/c/?si=14965&li=1647334&wi=#MEDIA_ID#&ws=#SUB_ID#","EUR"
14995,"Swagbucks (UK/DE/US/CA/AUS/IE) - USD","//rkn3.net/c/?si=14995&li=1650095&wi=#MEDIA_ID#&ws=#SUB_ID#","USD"
15019,"Giuseppe Zanotti (EU)","//rkn3.net/c/?si=15019&li=1650848&wi=#MEDIA_ID#&ws=#SUB_ID#","EUR"
15024,"Snapdate.be","//lt45.net/c/?si=15024&li=1651244&wi=#MEDIA_ID#&ws=#SUB_ID#","EUR"
15059,"Kate Spade (EU)","//rkn3.net/c/?si=15059&li=1652888&wi=#MEDIA_ID#&ws=#SUB_ID#","EUR"
15144,"Mediumvoyance (BEFR)","//lt45.net/c/?si=15144&li=1657049&wi=#MEDIA_ID#&ws=#SUB_ID#","EUR"
15224,"Stella McCartney (INT)","//fr135.net/c/?si=15224&li=1659440&wi=#MEDIA_ID#&ws=#SUB_ID#","EUR"
15284,"Qupid (NO)","//lt45.net/c/?si=15284&li=1662365&wi=#MEDIA_ID#&ws=#SUB_ID#","EUR"
16156,"iSurveyGO (USD)","//fr135.net/c/?si=16156&li=1694769&wi=#MEDIA_ID#&ws=#SUB_ID#","USD"
15446,"Blinkist (INT)","//fr135.net/c/?si=15446&li=1669087&wi=#MEDIA_ID#&ws=#SUB_ID#","EUR"
15649,"Norton","//fr135.net/c/?si=15649&li=1676912&wi=#MEDIA_ID#&ws=#SUB_ID#","EUR"
15679,"Zadig&Voltaire (INT)","//fr135.net/c/?si=15679&li=1679315&wi=#MEDIA_ID#&ws=#SUB_ID#","EUR"
15761,"DHGate (INT)","//fr135.net/c/?si=15761&li=1682053&wi=#MEDIA_ID#&ws=#SUB_ID#","USD"
17606,"HintstersSurveys (ARG) - USD","//fr135.net/c/?si=17606&li=1759965&wi=#MEDIA_ID#&ws=#SUB_ID#","USD"
17506,"Toluna (South Korea) 16+yo","//ds1.nl/c/?si=17506&li=1756469&wi=#MEDIA_ID#&ws=#SUB_ID#","EUR"
17602,"iSurveyWorld (PT) - USD","//fr135.net/c/?si=17602&li=1759961&wi=#MEDIA_ID#&ws=#SUB_ID#","USD"
16127,"Stanley (EU)","//jf79.net/c/?si=16127&li=1693172&wi=#MEDIA_ID#&ws=#SUB_ID#","EUR"
16194,"YouGov 55+ (MX)","//rkn3.net/c/?si=16194&li=1695436&wi=#MEDIA_ID#&ws=#SUB_ID#","EUR"
16214,"Wondershare (INT)","//jf79.net/c/?si=16214&li=1696203&wi=#MEDIA_ID#&ws=#SUB_ID#","EUR"
16252,"Logitech (EMEA)","//jf79.net/c/?si=16252&li=1697762&wi=#MEDIA_ID#&ws=#SUB_ID#","EUR"
16254,"Foreo (EU)","//jf79.net/c/?si=16254&li=1697784&wi=#MEDIA_ID#&ws=#SUB_ID#","EUR"
16259,"Ultimate Ears (EMEA)","//jf79.net/c/?si=16259&li=1697852&wi=#MEDIA_ID#&ws=#SUB_ID#","EUR"
16401,"Bioloka (EU)","//lt45.net/c/?si=16401&li=1704351&wi=#MEDIA_ID#&ws=#SUB_ID#","EUR"
16460,"Hikvision Alarm System","//jf79.net/c/?si=16460&li=1706918&wi=#MEDIA_ID#&ws=#SUB_ID#","EUR"
16474,"Mizuno (INT)","//jf79.net/c/?si=16474&li=1707525&wi=#MEDIA_ID#&ws=#SUB_ID#","EUR"
16616,"Mijn Hummeltje (NL)","//jf79.net/c/?si=16616&li=1714020&wi=#MEDIA_ID#&ws=#SUB_ID#","EUR"
20457,"Surveoo (Yemen) - SOI","//jf79.net/c/?si=20457&li=1868248&wi=#MEDIA_ID#&ws=#SUB_ID#","EUR"
16824,"Mein kleines Baby (DE)","//jf79.net/c/?si=16824&li=1724336&wi=#MEDIA_ID#&ws=#SUB_ID#","EUR"
16839,"Incompass/MediaCell (UK) 16-24yo","//fr135.net/c/?si=16839&li=1725851&wi=#MEDIA_ID#&ws=#SUB_ID#","EUR"
16869,"Bambook (NL / DE / FR )","//jf79.net/c/?si=16869&li=1727237&wi=#MEDIA_ID#&ws=#SUB_ID#","EUR"
16918,"NYDJ NL","//jf79.net/c/?si=16918&li=1728588&wi=#MEDIA_ID#&ws=#SUB_ID#","EUR"
16921,"NYDJ FR","//jf79.net/c/?si=16921&li=1728718&wi=#MEDIA_ID#&ws=#SUB_ID#","EUR"
16922,"NYDJ DE","//jf79.net/c/?si=16922&li=1728719&wi=#MEDIA_ID#&ws=#SUB_ID#","EUR"
16923,"NYDJ UK","//jf79.net/c/?si=16923&li=1728720&wi=#MEDIA_ID#&ws=#SUB_ID#","EUR"
16968,"Stellasticker (IT)","//lt45.net/c/?si=16968&li=1731121&wi=#MEDIA_ID#&ws=#SUB_ID#","EUR"
17002,"PUMA (EU) - USD","//jf79.net/c/?si=17002&li=1733293&wi=#MEDIA_ID#&ws=#SUB_ID#","USD"
17099,"Min-lilla-Sötnos (SE)","//jf79.net/c/?si=17099&li=1738990&wi=#MEDIA_ID#&ws=#SUB_ID#","SEK"
17122,"AdornPay.com","//jdt8.net/c/?si=17122&li=1740404&wi=#MEDIA_ID#&ws=#SUB_ID#","EUR"
17259,"Weekday (INT)","//jdt8.net/c/?si=17259&li=1746546&wi=#MEDIA_ID#&ws=#SUB_ID#","EUR"
17433,"Nitrado.net","//jdt8.net/c/?si=17433&li=1753388&wi=#MEDIA_ID#&ws=#SUB_ID#","EUR"
17518,"COS (EU)","//jdt8.net/c/?si=17518&li=1756919&wi=#MEDIA_ID#&ws=#SUB_ID#","EUR"
17613,"EazeGames (INT)","//jdt8.net/c/?si=17613&li=1760222&wi=#MEDIA_ID#&ws=#SUB_ID#","EUR"
20296,"SurveyLama (Vietnam)","//jdt8.net/c/?si=20296&li=1865886&wi=#MEDIA_ID#&ws=#SUB_ID#","EUR"
17677,"Skikk (INT)","//jdt8.net/c/?si=17677&li=1765151&wi=#MEDIA_ID#&ws=#SUB_ID#","EUR"
17765,"Mon Avis Media (FR) Females 18-24yo, 65+yo","//ds1.nl/c/?si=17765&li=1770244&wi=#MEDIA_ID#&ws=#SUB_ID#","EUR"
17766,"Mon Avis Media (FR) 18-34yo Males","//ds1.nl/c/?si=17766&li=1770250&wi=#MEDIA_ID#&ws=#SUB_ID#","EUR"
17871,"Nordic Sheep (DK)","//jdt8.net/c/?si=17871&li=1774352&wi=#MEDIA_ID#&ws=#SUB_ID#","DKK"
17872,"Nordic Sheep (DE)","//jdt8.net/c/?si=17872&li=1774353&wi=#MEDIA_ID#&ws=#SUB_ID#","DKK"
17873,"Nordic Sheep (SE)","//jdt8.net/c/?si=17873&li=1774354&wi=#MEDIA_ID#&ws=#SUB_ID#","DKK"
17896,"Aarniwood (FI - INT)","//dc.aarniwood.com/c/?si=17896&li=1775068&wi=#MEDIA_ID#&ws=#SUB_ID#","EUR"
17900,"Robell (DE)","//jdt8.net/c/?si=17900&li=1775254&wi=#MEDIA_ID#&ws=#SUB_ID#","DKK"
17901,"Robell (EU)","//jdt8.net/c/?si=17901&li=1775255&wi=#MEDIA_ID#&ws=#SUB_ID#","DKK"
17902,"Robell (DK)","//jdt8.net/c/?si=17902&li=1775256&wi=#MEDIA_ID#&ws=#SUB_ID#","DKK"
17961,"Prime Opinion (UK)","//jdt8.net/c/?si=17961&li=1776699&wi=#MEDIA_ID#&ws=#SUB_ID#","EUR"
19259,"Prime Opinion (Czech Republic)","//jdt8.net/c/?si=19259&li=1826321&wi=#MEDIA_ID#&ws=#SUB_ID#","EUR"
17977,"Suomikauppa (FI)","//jdt8.net/c/?si=17977&li=1777815&wi=#MEDIA_ID#&ws=#SUB_ID#","EUR"
17991,"Ojacet (FI, SE, EU)","//jdt8.net/c/?si=17991&li=1778566&wi=#MEDIA_ID#&ws=#SUB_ID#","EUR"
18040,"Sumilayi (FI)","//bdt9.net/c/?si=18040&li=1780414&wi=#MEDIA_ID#&ws=#SUB_ID#","EUR"
18041,"Sumilayi (INT)","//bdt9.net/c/?si=18041&li=1780422&wi=#MEDIA_ID#&ws=#SUB_ID#","EUR"
18059,"Feel Vivid (FI-SE-EU)","//bdt9.net/c/?si=18059&li=1781281&wi=#MEDIA_ID#&ws=#SUB_ID#","EUR"
18070,"Salvesports (FI - SE - INT)","//bdt9.net/c/?si=18070&li=1782025&wi=#MEDIA_ID#&ws=#SUB_ID#","EUR"
18084,"Min lille mus (DK)","//jf79.net/c/?si=18084&li=1783261&wi=#MEDIA_ID#&ws=#SUB_ID#","EUR"
18102,"Lammeskindet (DK)","//jdt8.net/c/?si=18102&li=1783825&wi=#MEDIA_ID#&ws=#SUB_ID#","DKK"
18103,"Faarskinn (SE)","//jdt8.net/c/?si=18103&li=1783826&wi=#MEDIA_ID#&ws=#SUB_ID#","SEK"
18104,"Lammfellhaus (DE)","//jdt8.net/c/?si=18104&li=1783828&wi=#MEDIA_ID#&ws=#SUB_ID#","EUR"
18105,"Natures Collection (DK)","//jdt8.net/c/?si=18105&li=1783829&wi=#MEDIA_ID#&ws=#SUB_ID#","DKK"
18106,"Natures Collection (SE)","//jdt8.net/c/?si=18106&li=1783830&wi=#MEDIA_ID#&ws=#SUB_ID#","SEK"
18107,"Natures Collection (EU)","//jdt8.net/c/?si=18107&li=1783831&wi=#MEDIA_ID#&ws=#SUB_ID#","EUR"
18108,"Natures Collection (DE)","//jdt8.net/c/?si=18108&li=1783833&wi=#MEDIA_ID#&ws=#SUB_ID#","EUR"
18114,"Sukkamestarit (FI - EU - DE)","//bdt9.net/c/?si=18114&li=1784053&wi=#MEDIA_ID#&ws=#SUB_ID#","EUR"
18120,"Wølmark (FI - EU)","//dc1.wolmark.fi/c/?si=18120&li=1784516&wi=#MEDIA_ID#&ws=#SUB_ID#","EUR"
18138,"Isabel Marant (INT)","//bdt9.net/c/?si=18138&li=1785243&wi=#MEDIA_ID#&ws=#SUB_ID#","EUR"
18159,"Rewards Giant (CA) SOI - MOBILE ONLY","//bdt9.net/c/?si=18159&li=1786062&wi=#MEDIA_ID#&ws=#SUB_ID#","USD"
18196,"Netlingeri (DK)","//bdt9.net/c/?si=18196&li=1787135&wi=#MEDIA_ID#&ws=#SUB_ID#","DKK"
18197,"Netlingeri (SE)","//bdt9.net/c/?si=18197&li=1787137&wi=#MEDIA_ID#&ws=#SUB_ID#","DKK"
18198,"Netlingeri (NO)","//bdt9.net/c/?si=18198&li=1787138&wi=#MEDIA_ID#&ws=#SUB_ID#","DKK"
18199,"Netlingeri (DE)","//bdt9.net/c/?si=18199&li=1787139&wi=#MEDIA_ID#&ws=#SUB_ID#","DKK"
18232,"In Front Women (DK)","//bdt9.net/c/?si=18232&li=1788249&wi=#MEDIA_ID#&ws=#SUB_ID#","DKK"
18233,"In Front Women (EU)","//bdt9.net/c/?si=18233&li=1788264&wi=#MEDIA_ID#&ws=#SUB_ID#","DKK"
18237,"Dyrberg Kern (EU)","//bdt9.net/c/?si=18237&li=1788268&wi=#MEDIA_ID#&ws=#SUB_ID#","DKK"
18238,"Dyrberg Kern (DK)","//bdt9.net/c/?si=18238&li=1788269&wi=#MEDIA_ID#&ws=#SUB_ID#","DKK"
18239,"Dyrberg Kern (NO)","//bdt9.net/c/?si=18239&li=1788270&wi=#MEDIA_ID#&ws=#SUB_ID#","DKK"
18240,"Dyrberg Kern (SE)","//bdt9.net/c/?si=18240&li=1788271&wi=#MEDIA_ID#&ws=#SUB_ID#","DKK"
18270,"Heirol (FI - EU)","//bdt9.net/c/?si=18270&li=1789258&wi=#MEDIA_ID#&ws=#SUB_ID#","EUR"
18271,"Minun Pikkuiseni (FI)","//jf79.net/c/?si=18271&li=1789587&wi=#MEDIA_ID#&ws=#SUB_ID#","EUR"
18321,"Netlingeri (EU)","//bdt9.net/c/?si=18321&li=1791982&wi=#MEDIA_ID#&ws=#SUB_ID#","DKK"
18322,"Netlingeri (FR)","//bdt9.net/c/?si=18322&li=1792006&wi=#MEDIA_ID#&ws=#SUB_ID#","DKK"
18323,"Netlingeri (NL)","//bdt9.net/c/?si=18323&li=1792045&wi=#MEDIA_ID#&ws=#SUB_ID#","DKK"
18344,"Prime Opinion (NL)","//jdt8.net/c/?si=18344&li=1792553&wi=#MEDIA_ID#&ws=#SUB_ID#","EUR"
18366,"Lingoda (INT)","//bdt9.net/c/?si=18366&li=1794122&wi=#MEDIA_ID#&ws=#SUB_ID#","EUR"
18371,"TEMU (INT)","//bdt9.net/c/?si=18371&li=1794175&wi=#MEDIA_ID#&ws=#SUB_ID#","EUR"
20405,"Opinion Edge (AU)","//bdt9.net/c/?si=20405&li=1866398&wi=#MEDIA_ID#&ws=#SUB_ID#","USD"
18422,"Nordic Sheep (NO)","//jdt8.net/c/?si=18422&li=1796217&wi=#MEDIA_ID#&ws=#SUB_ID#","DKK"
18433,"Oakley (EU) - USD","//bdt9.net/c/?si=18433&li=1796803&wi=#MEDIA_ID#&ws=#SUB_ID#","USD"
18472,"Prydligt (SE)","//bdt9.net/c/?si=18472&li=1798000&wi=#MEDIA_ID#&ws=#SUB_ID#","SEK"
18473,"Prydligt (FI)","//bdt9.net/c/?si=18473&li=1798001&wi=#MEDIA_ID#&ws=#SUB_ID#","SEK"
18474,"Prydligt (DE)","//bdt9.net/c/?si=18474&li=1798002&wi=#MEDIA_ID#&ws=#SUB_ID#","SEK"
18475,"Prydligt (NL)","//bdt9.net/c/?si=18475&li=1798003&wi=#MEDIA_ID#&ws=#SUB_ID#","SEK"
18476,"Prydligt (EU)","//bdt9.net/c/?si=18476&li=1798004&wi=#MEDIA_ID#&ws=#SUB_ID#","SEK"
18489,"Eufy (EU)","//bdt9.net/c/?si=18489&li=1798471&wi=#MEDIA_ID#&ws=#SUB_ID#","EUR"
18528,"Surveoo (Rwanda) -SOI","//jf79.net/c/?si=18528&li=1799085&wi=#MEDIA_ID#&ws=#SUB_ID#","EUR"
18570,"Pluus (DK)","//bdt9.net/c/?si=18570&li=1800495&wi=#MEDIA_ID#&ws=#SUB_ID#","DKK"
18572,"Pluus (SE)","//bdt9.net/c/?si=18572&li=1800500&wi=#MEDIA_ID#&ws=#SUB_ID#","DKK"
18573,"Buuks (UK)","//bdt9.net/c/?si=18573&li=1800508&wi=#MEDIA_ID#&ws=#SUB_ID#","DKK"
18574,"Buuks (DK)","//bdt9.net/c/?si=18574&li=1800510&wi=#MEDIA_ID#&ws=#SUB_ID#","DKK"
18575,"Buuks (SE)","//bdt9.net/c/?si=18575&li=1800512&wi=#MEDIA_ID#&ws=#SUB_ID#","DKK"
18587,"Ivalo.com (EU)","//c.ivalo.com/c/?si=18587&li=1800677&wi=#MEDIA_ID#&ws=#SUB_ID#","EUR"
18620,"Uber Eats (ES)","//bdt9.net/c/?si=18620&li=1801621&wi=#MEDIA_ID#&ws=#SUB_ID#","EUR"
18645,"Decantalo (INT)","//bdt9.net/c/?si=18645&li=1802463&wi=#MEDIA_ID#&ws=#SUB_ID#","EUR"
18667,"Netlingeri (PL)","//bdt9.net/c/?si=18667&li=1802939&wi=#MEDIA_ID#&ws=#SUB_ID#","DKK"
18668,"Netlingeri (BE)","//bdt9.net/c/?si=18668&li=1802940&wi=#MEDIA_ID#&ws=#SUB_ID#","DKK"
18669,"Only-flirts.com","//bdt9.net/c/?si=18669&li=1803039&wi=#MEDIA_ID#&ws=#SUB_ID#","EUR"
18682,"50pluspartner.nl","//lt45.net/c/?si=18682&li=1803381&wi=#MEDIA_ID#&ws=#SUB_ID#","EUR"
18683,"Bjorn Borg (EU) - USD","//bdt9.net/c/?si=18683&li=1803454&wi=#MEDIA_ID#&ws=#SUB_ID#","USD"
18686,"50match.be","//lt45.net/c/?si=18686&li=1803614&wi=#MEDIA_ID#&ws=#SUB_ID#","EUR"
18689,"Gayliebe.com","//lt45.net/c/?si=18689&li=1803643&wi=#MEDIA_ID#&ws=#SUB_ID#","EUR"
18690,"Rencontregay.be","//lt45.net/c/?si=18690&li=1803658&wi=#MEDIA_ID#&ws=#SUB_ID#","EUR"
18691,"Casualdatingcanada.com","//lt45.net/c/?si=18691&li=1803661&wi=#MEDIA_ID#&ws=#SUB_ID#","EUR"
18692,"gayPartner.it","//lt45.net/c/?si=18692&li=1803662&wi=#MEDIA_ID#&ws=#SUB_ID#","EUR"
18705,"Baobab (EU)","//bdt9.net/c/?si=18705&li=1803897&wi=#MEDIA_ID#&ws=#SUB_ID#","EUR"
18706,"Canadacoquin.com","//lt45.net/c/?si=18706&li=1803898&wi=#MEDIA_ID#&ws=#SUB_ID#","EUR"
18707,"Gaydate.pl","//lt45.net/c/?si=18707&li=1803899&wi=#MEDIA_ID#&ws=#SUB_ID#","EUR"
18708,"Gaydates.se","//lt45.net/c/?si=18708&li=1803902&wi=#MEDIA_ID#&ws=#SUB_ID#","EUR"
18709,"Gaygrinder.com","//lt45.net/c/?si=18709&li=1803903&wi=#MEDIA_ID#&ws=#SUB_ID#","EUR"
18710,"Gaygrinding.com","//lt45.net/c/?si=18710&li=1803904&wi=#MEDIA_ID#&ws=#SUB_ID#","EUR"
18711,"gayPartner.ch","//lt45.net/c/?si=18711&li=1803905&wi=#MEDIA_ID#&ws=#SUB_ID#","EUR"
18712,"Gaypartner.co.uk","//lt45.net/c/?si=18712&li=1803906&wi=#MEDIA_ID#&ws=#SUB_ID#","EUR"
18713,"gayPartner.es","//lt45.net/c/?si=18713&li=1803907&wi=#MEDIA_ID#&ws=#SUB_ID#","EUR"
18714,"gayPartner.no","//lt45.net/c/?si=18714&li=1803908&wi=#MEDIA_ID#&ws=#SUB_ID#","EUR"
18715,"Gayrencontre.ch","//lt45.net/c/?si=18715&li=1803909&wi=#MEDIA_ID#&ws=#SUB_ID#","EUR"
18716,"Gays.lu","//lt45.net/c/?si=18716&li=1803912&wi=#MEDIA_ID#&ws=#SUB_ID#","EUR"
18717,"Gaysrencontre.com","//lt45.net/c/?si=18717&li=1803913&wi=#MEDIA_ID#&ws=#SUB_ID#","EUR"
18718,"Grindinggay.de","//lt45.net/c/?si=18718&li=1803940&wi=#MEDIA_ID#&ws=#SUB_ID#","EUR"
18719,"Grindinggay.se","//lt45.net/c/?si=18719&li=1803941&wi=#MEDIA_ID#&ws=#SUB_ID#","EUR"
18720,"Lilysilk (INT)","//bdt9.net/c/?si=18720&li=1803942&wi=#MEDIA_ID#&ws=#SUB_ID#","EUR"
18721,"Treffenpartner.de","//lt45.net/c/?si=18721&li=1803943&wi=#MEDIA_ID#&ws=#SUB_ID#","EUR"
18726,"Snapdate.ch","//lt45.net/c/?si=18726&li=1804409&wi=#MEDIA_ID#&ws=#SUB_ID#","EUR"
18727,"Snapdate.de","//lt45.net/c/?si=18727&li=1804410&wi=#MEDIA_ID#&ws=#SUB_ID#","EUR"
18728,"Snapdate.es","//lt45.net/c/?si=18728&li=1804411&wi=#MEDIA_ID#&ws=#SUB_ID#","EUR"
18729,"Snapdate.fr","//lt45.net/c/?si=18729&li=1804412&wi=#MEDIA_ID#&ws=#SUB_ID#","EUR"
18730,"Snapdate.it","//lt45.net/c/?si=18730&li=1804413&wi=#MEDIA_ID#&ws=#SUB_ID#","EUR"
18731,"Snapdate.nl","//lt45.net/c/?si=18731&li=1804414&wi=#MEDIA_ID#&ws=#SUB_ID#","EUR"
18732,"Snapdate.no","//lt45.net/c/?si=18732&li=1804415&wi=#MEDIA_ID#&ws=#SUB_ID#","EUR"
18733,"Snapdate.se","//lt45.net/c/?si=18733&li=1804417&wi=#MEDIA_ID#&ws=#SUB_ID#","EUR"
18734,"Snaprencontre.be","//lt45.net/c/?si=18734&li=1804418&wi=#MEDIA_ID#&ws=#SUB_ID#","EUR"
18735,"Snaprencontre.ch","//lt45.net/c/?si=18735&li=1804420&wi=#MEDIA_ID#&ws=#SUB_ID#","EUR"
20358,"Mr. Survey (Vietnam)","//jdt8.net/c/?si=20358&li=1866061&wi=#MEDIA_ID#&ws=#SUB_ID#","EUR"
18794,"Gaydate.at","//lt45.net/c/?si=18794&li=1807175&wi=#MEDIA_ID#&ws=#SUB_ID#","EUR"
18806,"Gaysrencontre.fr","//lt45.net/c/?si=18806&li=1807887&wi=#MEDIA_ID#&ws=#SUB_ID#","EUR"
18807,"Snapdate.pl","//lt45.net/c/?si=18807&li=1807906&wi=#MEDIA_ID#&ws=#SUB_ID#","EUR"
18818,"PureVPN (INT)","//bdt9.net/c/?si=18818&li=1809952&wi=#MEDIA_ID#&ws=#SUB_ID#","EUR"
18823,"Flirtdate.at","//lt45.net/c/?si=18823&li=1810306&wi=#MEDIA_ID#&ws=#SUB_ID#","EUR"
19682,"YouGov (DE) 18-24yo Females","//rkn3.net/c/?si=19682&li=1841282&wi=#MEDIA_ID#&ws=#SUB_ID#","EUR"
18825,"Casualdating.com","//bdt9.net/c/?si=18825&li=1810408&wi=#MEDIA_ID#&ws=#SUB_ID#","EUR"
18826,"Erfarnekvinder.dk","//bdt9.net/c/?si=18826&li=1810415&wi=#MEDIA_ID#&ws=#SUB_ID#","EUR"
18827,"FlirtHits.com","//bdt9.net/c/?si=18827&li=1810419&wi=#MEDIA_ID#&ws=#SUB_ID#","EUR"
18828,"iDates.com","//bdt9.net/c/?si=18828&li=1810423&wi=#MEDIA_ID#&ws=#SUB_ID#","EUR"
18829,"Singleflirt.com","//bdt9.net/c/?si=18829&li=1810428&wi=#MEDIA_ID#&ws=#SUB_ID#","EUR"
18834,"Stoute-vrouwen.com","//bdt9.net/c/?si=18834&li=1810721&wi=#MEDIA_ID#&ws=#SUB_ID#","EUR"
18836,"Invicta Watch Europe","//bdt9.net/c/?si=18836&li=1810761&wi=#MEDIA_ID#&ws=#SUB_ID#","EUR"
18839,"Ensana (INT)","//bdt9.net/c/?si=18839&li=1810933&wi=#MEDIA_ID#&ws=#SUB_ID#","EUR"
18841,"BeLive (INT)","//bdt9.net/c/?si=18841&li=1810937&wi=#MEDIA_ID#&ws=#SUB_ID#","EUR"
18850,"Netlingeri (AT)","//bdt9.net/c/?si=18850&li=1811756&wi=#MEDIA_ID#&ws=#SUB_ID#","DKK"
18854,"Netlingeri (FI)","//bdt9.net/c/?si=18854&li=1812185&wi=#MEDIA_ID#&ws=#SUB_ID#","DKK"
18951,"Ingrid (EU)","//bdt9.net/c/?si=18951&li=1815289&wi=#MEDIA_ID#&ws=#SUB_ID#","SEK"
19006,"European Sleeper","//bdt9.net/c/?si=19006&li=1817016&wi=#MEDIA_ID#&ws=#SUB_ID#","EUR"
19032,"Optica Bassol (INT)","//bdt9.net/c/?si=19032&li=1817827&wi=#MEDIA_ID#&ws=#SUB_ID#","EUR"
19302,"5 Surveys (ES)","//jdt8.net/c/?si=19302&li=1828068&wi=#MEDIA_ID#&ws=#SUB_ID#","EUR"
19064,"The Trading Pit (INT)","//bdt9.net/c/?si=19064&li=1819279&wi=#MEDIA_ID#&ws=#SUB_ID#","EUR"
19096,"Joyland (SE)","//bdt9.net/c/?si=19096&li=1820741&wi=#MEDIA_ID#&ws=#SUB_ID#","SEK"
19097,"Joyland (NO)","//bdt9.net/c/?si=19097&li=1820742&wi=#MEDIA_ID#&ws=#SUB_ID#","SEK"
19098,"Joyland (EU)","//bdt9.net/c/?si=19098&li=1820743&wi=#MEDIA_ID#&ws=#SUB_ID#","SEK"
19181,"My Little Darling Shop (UK)","//jf79.net/c/?si=19181&li=1823632&wi=#MEDIA_ID#&ws=#SUB_ID#","EUR"
19182,"Min-lille-kjaere (NO)","//jf79.net/c/?si=19182&li=1823633&wi=#MEDIA_ID#&ws=#SUB_ID#","EUR"
19183,"Mio Piccolo Tesoro (IT)","//jf79.net/c/?si=19183&li=1823636&wi=#MEDIA_ID#&ws=#SUB_ID#","EUR"
19184,"Moj-Maly-Slodziak (PL)","//jf79.net/c/?si=19184&li=1823637&wi=#MEDIA_ID#&ws=#SUB_ID#","EUR"
19190,"Cashback.co.uk - UK (SOI)","//bdt9.net/c/?si=19190&li=1823893&wi=#MEDIA_ID#&ws=#SUB_ID#","EUR"
19233,"Date4you.net","//bdt9.net/c/?si=19233&li=1825078&wi=#MEDIA_ID#&ws=#SUB_ID#","EUR"
19246,"Manfinder.com","//bdt9.net/c/?si=19246&li=1825871&wi=#MEDIA_ID#&ws=#SUB_ID#","EUR"
19247,"Swipe-next.com","//bdt9.net/c/?si=19247&li=1826075&wi=#MEDIA_ID#&ws=#SUB_ID#","EUR"
19289,"Raval Eyewear (EU)","//bdt9.net/c/?si=19289&li=1827940&wi=#MEDIA_ID#&ws=#SUB_ID#","EUR"
19314,"8Wines (FR/BE-FR)","//glp8.net/c/?si=19314&li=1828443&wi=#MEDIA_ID#&ws=#SUB_ID#","EUR"
19315,"8Wines (NL)","//glp8.net/c/?si=19315&li=1828444&wi=#MEDIA_ID#&ws=#SUB_ID#","EUR"
19316,"8Wines (BE-NL)","//glp8.net/c/?si=19316&li=1828445&wi=#MEDIA_ID#&ws=#SUB_ID#","EUR"
19317,"8Wines (INT)","//glp8.net/c/?si=19317&li=1828446&wi=#MEDIA_ID#&ws=#SUB_ID#","EUR"
20399,"SurveyPronto (US)","//jdt8.net/c/?si=20399&li=1866290&wi=#MEDIA_ID#&ws=#SUB_ID#","EUR"
19391,"PollPronto (UK)","//jdt8.net/c/?si=19391&li=1829161&wi=#MEDIA_ID#&ws=#SUB_ID#","EUR"
19408,"BuyBestGear (INT)","//glp8.net/c/?si=19408&li=1829546&wi=#MEDIA_ID#&ws=#SUB_ID#","EUR"
19412,"AthleticGreens (INT)","//glp8.net/c/?si=19412&li=1829785&wi=#MEDIA_ID#&ws=#SUB_ID#","EUR"
19426,"iPulse Panel (US) Nicotine users","//fr135.net/c/?si=19426&li=1830975&wi=#MEDIA_ID#&ws=#SUB_ID#","EUR"
20194,"Pinecone Research (CA-EN)","//lt45.net/c/?si=20194&li=1861852&wi=#MEDIA_ID#&ws=#SUB_ID#","USD"
19529,"Hinomi (EU)","//glp8.net/c/?si=19529&li=1836697&wi=#MEDIA_ID#&ws=#SUB_ID#","EUR"
19539,"Voghion (EU)","//glp8.net/c/?si=19539&li=1837173&wi=#MEDIA_ID#&ws=#SUB_ID#","EUR"
19568,"Gabiona (EU)","//glp8.net/c/?si=19568&li=1838981&wi=#MEDIA_ID#&ws=#SUB_ID#","EUR"
19592,"Maje (FR)","//glp8.net/c/?si=19592&li=1839487&wi=#MEDIA_ID#&ws=#SUB_ID#","EUR"
19593,"Maje (DE)","//glp8.net/c/?si=19593&li=1839488&wi=#MEDIA_ID#&ws=#SUB_ID#","EUR"
19594,"Maje (UK)","//glp8.net/c/?si=19594&li=1839489&wi=#MEDIA_ID#&ws=#SUB_ID#","EUR"
19601,"Like ANNA (DK)","//jdt8.net/c/?si=19601&li=1839711&wi=#MEDIA_ID#&ws=#SUB_ID#","DKK"
19648,"HeyCash (VN)","//jdt8.net/c/?si=19648&li=1839814&wi=#MEDIA_ID#&ws=#SUB_ID#","EUR"
19661,"Consumer Pulse (UK) 16-19yo Males","//glp8.net/c/?si=19661&li=1840557&wi=#MEDIA_ID#&ws=#SUB_ID#","GBP"
19662,"Phonecases 3D (EU)","//glp8.net/c/?si=19662&li=1840561&wi=#MEDIA_ID#&ws=#SUB_ID#","EUR"
19769,"8Wines (IT)","//glp8.net/c/?si=19769&li=1841590&wi=#MEDIA_ID#&ws=#SUB_ID#","EUR"
19809,"G-Portal (INT)","//explore.g-portal.com/c/?si=19809&li=1842687&wi=#MEDIA_ID#&ws=#SUB_ID#","EUR"
19810,"Giglio (INT)","//glp8.net/c/?si=19810&li=1842690&wi=#MEDIA_ID#&ws=#SUB_ID#","EUR"
19814,"Yuccs (EU)","//glp8.net/c/?si=19814&li=1842758&wi=#MEDIA_ID#&ws=#SUB_ID#","EUR"
19847,"Wish.com (EU)","//glp8.net/c/?si=19847&li=1845464&wi=#MEDIA_ID#&ws=#SUB_ID#","EUR"
19865,"iMobie (INT)","//glp8.net/c/?si=19865&li=1846411&wi=#MEDIA_ID#&ws=#SUB_ID#","EUR"
19875,"JM Band (DK)","//glp8.net/c/?si=19875&li=1846864&wi=#MEDIA_ID#&ws=#SUB_ID#","DKK"
19877,"JM Band (SE)","//glp8.net/c/?si=19877&li=1847239&wi=#MEDIA_ID#&ws=#SUB_ID#","DKK"
19878,"JM Band (NO)","//glp8.net/c/?si=19878&li=1847240&wi=#MEDIA_ID#&ws=#SUB_ID#","DKK"
19883,"JM Band (EU)","//glp8.net/c/?si=19883&li=1847429&wi=#MEDIA_ID#&ws=#SUB_ID#","DKK"
19884,"Made in Design (FR)","//glp8.net/c/?si=19884&li=1847438&wi=#MEDIA_ID#&ws=#SUB_ID#","EUR"
19885,"Made in Design (DE)","//glp8.net/c/?si=19885&li=1847486&wi=#MEDIA_ID#&ws=#SUB_ID#","EUR"
19886,"Made in Design (IT)","//glp8.net/c/?si=19886&li=1847487&wi=#MEDIA_ID#&ws=#SUB_ID#","EUR"
19887,"Made in Design (UK)","//glp8.net/c/?si=19887&li=1847488&wi=#MEDIA_ID#&ws=#SUB_ID#","EUR"
19899,"Intellectia (INT)","//glp8.net/c/?si=19899&li=1847752&wi=#MEDIA_ID#&ws=#SUB_ID#","EUR"
19927,"8Wines (PL)","//glp8.net/c/?si=19927&li=1848616&wi=#MEDIA_ID#&ws=#SUB_ID#","EUR"
19930,"OnePlus (EU/US/CA)","//glp8.net/c/?si=19930&li=1848660&wi=#MEDIA_ID#&ws=#SUB_ID#","EUR"
19932,"JM Band (UK)","//glp8.net/c/?si=19932&li=1848992&wi=#MEDIA_ID#&ws=#SUB_ID#","DKK"
19933,"JM Band (CH)","//glp8.net/c/?si=19933&li=1848993&wi=#MEDIA_ID#&ws=#SUB_ID#","DKK"
19945,"Saily (INT)","//glp8.net/c/?si=19945&li=1850464&wi=#MEDIA_ID#&ws=#SUB_ID#","EUR"
19950,"Maje (ES)","//glp8.net/c/?si=19950&li=1851162&wi=#MEDIA_ID#&ws=#SUB_ID#","EUR"
19968,"SumUp (EU)","//glp8.net/c/?si=19968&li=1852911&wi=#MEDIA_ID#&ws=#SUB_ID#","EUR"
19969,"Yuplay","//glp8.net/c/?si=19969&li=1852939&wi=#MEDIA_ID#&ws=#SUB_ID#","EUR"
19970,"Nannybag (INT)","//glp8.net/c/?si=19970&li=1852941&wi=#MEDIA_ID#&ws=#SUB_ID#","EUR"
20008,"LaLiga ES (La Voz del Fan) Community ","//ds1.nl/c/?si=20008&li=1854498&wi=#MEDIA_ID#&ws=#SUB_ID#","EUR"
20032,"Rosetta Stone (INT)","//glp8.net/c/?si=20032&li=1855733&wi=#MEDIA_ID#&ws=#SUB_ID#","EUR"
20059,"HBG Unite B2B Panel (US/UK/FR/DE/ES/IT)","//glp8.net/c/?si=20059&li=1857154&wi=#MEDIA_ID#&ws=#SUB_ID#","USD"
20220,"TopSurveys (VN)","//jdt8.net/c/?si=20220&li=1862338&wi=#MEDIA_ID#&ws=#SUB_ID#","EUR"
20527,"KingOpinion (Taiwan) - SOI","//jf79.net/c/?si=20527&li=1870173&wi=#MEDIA_ID#&ws=#SUB_ID#","EUR"
20076,"Eastpak (EU)","//glp8.net/c/?si=20076&li=1857675&wi=#MEDIA_ID#&ws=#SUB_ID#","EUR"
20078,"Skinnydip London (INT)","//glp8.net/c/?si=20078&li=1857719&wi=#MEDIA_ID#&ws=#SUB_ID#","EUR"
20156,"Musso (EU)","//glp8.net/c/?si=20156&li=1860408&wi=#MEDIA_ID#&ws=#SUB_ID#","EUR"
20174,"Amazon Music (INT)","//glp8.net/c/?si=20174&li=1861301&wi=#MEDIA_ID#&ws=#SUB_ID#","EUR"
20264,"Yunite (UAE) DOI+profile","//glp8.net/c/?si=20264&li=1864538&wi=#MEDIA_ID#&ws=#SUB_ID#","EUR"
20253,"Lifepoints (UAE_ar) - EUR","//ds1.nl/c/?si=20253&li=1863948&wi=#MEDIA_ID#&ws=#SUB_ID#","EUR"
20261,"Yunite (UK) DOI+profile","//glp8.net/c/?si=20261&li=1864535&wi=#MEDIA_ID#&ws=#SUB_ID#","EUR"
20286,"iPulse Panel (BE_nl) Nicotine users","//fr135.net/c/?si=20286&li=1865452&wi=#MEDIA_ID#&ws=#SUB_ID#","EUR"
20396,"Opiday (Slovakia)","//glp8.net/c/?si=20396&li=1866116&wi=#MEDIA_ID#&ws=#SUB_ID#","EUR"
20298,"Custard.co.uk (UK)","//bdt9.net/c/?si=20298&li=1865893&wi=#MEDIA_ID#&ws=#SUB_ID#","EUR"
20397,"Printemps FR,DE,UK","//glp8.net/c/?si=20397&li=1866158&wi=#MEDIA_ID#&ws=#SUB_ID#","EUR"
20417,"Xpluswear (INT)","//glp8.net/c/?si=20417&li=1866882&wi=#MEDIA_ID#&ws=#SUB_ID#","EUR"
20478,"Mon Petit Chéri (FR)","//jf79.net/c/?si=20478&li=1868904&wi=#MEDIA_ID#&ws=#SUB_ID#","EUR"
8233,"Meinungsplatz (DE)","//ds1.nl/c/?si=8233&li=1378777&wi=#MEDIA_ID#&ws=#SUB_ID#","EUR"
9312,"Geeektech","//ds1.nl/c/?si=9312&li=1420934&wi=#MEDIA_ID#&ws=#SUB_ID#","EUR"
10335,"Meinungsplatz (AT)","//ds1.nl/c/?si=10335&li=1457209&wi=#MEDIA_ID#&ws=#SUB_ID#","EUR"
12148,"Espacedopinion (CH-FR)","//ds1.nl/c/?si=12148&li=1535914&wi=#MEDIA_ID#&ws=#SUB_ID#","EUR"
11186,"Erovibes (BE)","//lt45.net/c/?si=11186&li=1496506&wi=#MEDIA_ID#&ws=#SUB_ID#","EUR"
11454,"Erovibes (NL)","//lt45.net/c/?si=11454&li=1506022&wi=#MEDIA_ID#&ws=#SUB_ID#","EUR"
11458,"Erovibes (ES)","//lt45.net/c/?si=11458&li=1506026&wi=#MEDIA_ID#&ws=#SUB_ID#","EUR"
11710,"Thermae 2000","//lt45.net/c/?si=11710&li=1519100&wi=#MEDIA_ID#&ws=#SUB_ID#","EUR"
11852,"Van Arendonk (NL)","//lt45.net/c/?si=11852&li=1523584&wi=#MEDIA_ID#&ws=#SUB_ID#","EUR"
12256,"Bebetop (FR/BEFR)","//lt45.net/c/?si=12256&li=1538756&wi=#MEDIA_ID#&ws=#SUB_ID#","EUR"
12502,"Van Arendonk (BE)","//lt45.net/c/?si=12502&li=1547856&wi=#MEDIA_ID#&ws=#SUB_ID#","EUR"
12828,"Casa Doe (DACH)","//lt45.net/c/?si=12828&li=1564478&wi=#MEDIA_ID#&ws=#SUB_ID#","EUR"
12889,"Pinecone Research (DE)","//lt45.net/c/?si=12889&li=1567637&wi=#MEDIA_ID#&ws=#SUB_ID#","EUR"
13211,"I Amsterdam City Card","//lt45.net/c/?si=13211&li=1580048&wi=#MEDIA_ID#&ws=#SUB_ID#","EUR"
13281,"DasBaby (DE)","//lt45.net/c/?si=13281&li=1583178&wi=#MEDIA_ID#&ws=#SUB_ID#","EUR"
13282,"Pasionbebe (ES)","//lt45.net/c/?si=13282&li=1583179&wi=#MEDIA_ID#&ws=#SUB_ID#","EUR"
13429,"Onlinehoortoestel / onlinehoergeraet (NL/DE)","//lt45.net/c/?si=13429&li=1591452&wi=#MEDIA_ID#&ws=#SUB_ID#","EUR"
13453,"OpinionWorld (IN) - USD","//lt45.net/c/?si=13453&li=1593060&wi=#MEDIA_ID#&ws=#SUB_ID#","USD"
16299,"Mingle Respondi (IT)","//lt45.net/c/?si=16299&li=1699968&wi=#MEDIA_ID#&ws=#SUB_ID#","EUR"
14273,"Decoratietakken","//rkn3.net/c/?si=14273&li=1613441&wi=#MEDIA_ID#&ws=#SUB_ID#","EUR"
14422,"Trendfrage (DE)","//rkn3.net/c/?si=14422&li=1620280&wi=#MEDIA_ID#&ws=#SUB_ID#","EUR"
14571,"Ongediertewinkel.nl","//rkn3.net/c/?si=14571&li=1627390&wi=#MEDIA_ID#&ws=#SUB_ID#","EUR"
14603,"Ungeziefershop.de","//rkn3.net/c/?si=14603&li=1628855&wi=#MEDIA_ID#&ws=#SUB_ID#","EUR"
14633,"OpinionWorld (BR) - USD - CP1C","//lt45.net/c/?si=14633&li=1629651&wi=#MEDIA_ID#&ws=#SUB_ID#","USD"
14804,"Degrootmeesters (NL) & Home Artworks (DE)","//rkn3.net/c/?si=14804&li=1639024&wi=#MEDIA_ID#&ws=#SUB_ID#","EUR"
14812,"Curveswear","//rkn3.net/c/?si=14812&li=1639266&wi=#MEDIA_ID#&ws=#SUB_ID#","EUR"
14831,"Jaggs Alarm","//rkn3.net/c/?si=14831&li=1640438&wi=#MEDIA_ID#&ws=#SUB_ID#","EUR"
14906,"OpinionWorld (MY) - CP1C - USD","//lt45.net/c/?si=14906&li=1644553&wi=#MEDIA_ID#&ws=#SUB_ID#","USD"
15053,"Autodoc (NL)","//rkn3.net/c/?si=15053&li=1652789&wi=#MEDIA_ID#&ws=#SUB_ID#","EUR"
15054,"Autodoc (DE)","//rkn3.net/c/?si=15054&li=1652790&wi=#MEDIA_ID#&ws=#SUB_ID#","EUR"
15055,"Autodoc (FR)","//rkn3.net/c/?si=15055&li=1652791&wi=#MEDIA_ID#&ws=#SUB_ID#","EUR"
15056,"Autodoc (DK)","//rkn3.net/c/?si=15056&li=1652792&wi=#MEDIA_ID#&ws=#SUB_ID#","EUR"
15057,"Autodoc (NO)","//rkn3.net/c/?si=15057&li=1652793&wi=#MEDIA_ID#&ws=#SUB_ID#","EUR"
15058,"Autodoc (FI)","//rkn3.net/c/?si=15058&li=1652794&wi=#MEDIA_ID#&ws=#SUB_ID#","EUR"
15130,"Home-Tex (DK)","//fr135.net/c/?si=15130&li=1656534&wi=#MEDIA_ID#&ws=#SUB_ID#","DKK"
15138,"Dr. Martens (EU)","//fr135.net/c/?si=15138&li=1656908&wi=#MEDIA_ID#&ws=#SUB_ID#","EUR"
15270,"Fanssite","//fr135.net/c/?si=15270&li=1661460&wi=#MEDIA_ID#&ws=#SUB_ID#","EUR"
15499,"Home-Tex (NO)","//fr135.net/c/?si=15499&li=1670727&wi=#MEDIA_ID#&ws=#SUB_ID#","DKK"
15500,"Home-Tex (SE)","//fr135.net/c/?si=15500&li=1670728&wi=#MEDIA_ID#&ws=#SUB_ID#","DKK"
15507,"Biopejs-shop (DK)","//fr135.net/c/?si=15507&li=1671032&wi=#MEDIA_ID#&ws=#SUB_ID#","DKK"
15509,"El-Pejs (DK)","//fr135.net/c/?si=15509&li=1671037&wi=#MEDIA_ID#&ws=#SUB_ID#","DKK"
15510,"Etanolkamin-Shop (SE)","//fr135.net/c/?si=15510&li=1671038&wi=#MEDIA_ID#&ws=#SUB_ID#","DKK"
15511,"Elektrisk-Kamin (SE)","//fr135.net/c/?si=15511&li=1671041&wi=#MEDIA_ID#&ws=#SUB_ID#","DKK"
15512,"Biopeiser-Shop (NO)","//fr135.net/c/?si=15512&li=1671042&wi=#MEDIA_ID#&ws=#SUB_ID#","DKK"
15513,"Biotakka-Shop (FI)","//fr135.net/c/?si=15513&li=1671043&wi=#MEDIA_ID#&ws=#SUB_ID#","DKK"
15514,"Bioethanol-fireplace (UK)","//fr135.net/c/?si=15514&li=1671047&wi=#MEDIA_ID#&ws=#SUB_ID#","DKK"
15516,"Bioethanol-Kamin-Shop (DE)","//fr135.net/c/?si=15516&li=1671049&wi=#MEDIA_ID#&ws=#SUB_ID#","DKK"
15518,"Bioethanolhaard-Shop (NL)","//fr135.net/c/?si=15518&li=1671051&wi=#MEDIA_ID#&ws=#SUB_ID#","DKK"
15520,"Biokominek-Shop (PL)","//fr135.net/c/?si=15520&li=1671053&wi=#MEDIA_ID#&ws=#SUB_ID#","DKK"
15521,"Bio-Cheminée (FR)","//fr135.net/c/?si=15521&li=1671054&wi=#MEDIA_ID#&ws=#SUB_ID#","DKK"
15576,"Teufel (DE)","//fr135.net/c/?si=15576&li=1673016&wi=#MEDIA_ID#&ws=#SUB_ID#","EUR"
15577,"Teufel (AT)","//fr135.net/c/?si=15577&li=1673017&wi=#MEDIA_ID#&ws=#SUB_ID#","EUR"
15596,"Zweigedeko (DE)","//rkn3.net/c/?si=15596&li=1674271&wi=#MEDIA_ID#&ws=#SUB_ID#","EUR"
16045,"DyneZonen (DK)","//fr135.net/c/?si=16045&li=1690295&wi=#MEDIA_ID#&ws=#SUB_ID#","DKK"
16046,"ShopDyner (DK)","//fr135.net/c/?si=16046&li=1690296&wi=#MEDIA_ID#&ws=#SUB_ID#","DKK"
16047,"Silkedyner (DK)","//fr135.net/c/?si=16047&li=1690297&wi=#MEDIA_ID#&ws=#SUB_ID#","DKK"
16089,"Monki (DE)","//jf79.net/c/?si=16089&li=1692109&wi=#MEDIA_ID#&ws=#SUB_ID#","EUR"
16132,"Sabon (FR)","//jf79.net/c/?si=16132&li=1693248&wi=#MEDIA_ID#&ws=#SUB_ID#","EUR"
16185,"Noella Fashion (SE)","//jf79.net/c/?si=16185&li=1695079&wi=#MEDIA_ID#&ws=#SUB_ID#","DKK"
16186,"Noella fashion (NL/BE)","//jf79.net/c/?si=16186&li=1695080&wi=#MEDIA_ID#&ws=#SUB_ID#","DKK"
16187,"Noella Fashion (DE) (AT) (CH)","//jf79.net/c/?si=16187&li=1695081&wi=#MEDIA_ID#&ws=#SUB_ID#","DKK"
16246,"Coach (EU)","//jf79.net/c/?si=16246&li=1697551&wi=#MEDIA_ID#&ws=#SUB_ID#","EUR"
16462,"wunderwerk (DE/NL)","//jf79.net/c/?si=16462&li=1706928&wi=#MEDIA_ID#&ws=#SUB_ID#","EUR"
16643,"YouGov Shopper (DE) Scan","//lt45.net/c/?si=16643&li=1715121&wi=#MEDIA_ID#&ws=#SUB_ID#","EUR"
16804,"YouGov Shopper (DE) - Shopping Community","//lt45.net/c/?si=16804&li=1723503&wi=#MEDIA_ID#&ws=#SUB_ID#","EUR"
16838,"Dierenapotheek.nl","//jf79.net/c/?si=16838&li=1725816&wi=#MEDIA_ID#&ws=#SUB_ID#","EUR"
16964,"Scootworld (DK)","//jf79.net/c/?si=16964&li=1731080&wi=#MEDIA_ID#&ws=#SUB_ID#","DKK"
16965,"Scootworld (SE)","//jf79.net/c/?si=16965&li=1731081&wi=#MEDIA_ID#&ws=#SUB_ID#","SEK"
16966,"Scootworld (DE)","//jf79.net/c/?si=16966&li=1731083&wi=#MEDIA_ID#&ws=#SUB_ID#","EUR"
17404,"My Jewellery (BE)","//jdt8.net/c/?si=17404&li=1752357&wi=#MEDIA_ID#&ws=#SUB_ID#","EUR"
17353,"DrPetcare.de","//jf79.net/c/?si=17353&li=1749992&wi=#MEDIA_ID#&ws=#SUB_ID#","EUR"
17382,"Stiletto (FI)","//jdt8.net/c/?si=17382&li=1751409&wi=#MEDIA_ID#&ws=#SUB_ID#","EUR"
17383,"Stilettoshop (SE)","//jdt8.net/c/?si=17383&li=1751417&wi=#MEDIA_ID#&ws=#SUB_ID#","SEK"
17429,"Fresh n' Rebel","//jdt8.net/c/?si=17429&li=1753363&wi=#MEDIA_ID#&ws=#SUB_ID#","EUR"
17661,"Skolyx (SE, DK, DE)","//d.skolyx.se/c/?si=17661&li=1762777&wi=#MEDIA_ID#&ws=#SUB_ID#","SEK"
17664,"Best Petfoods (NL)","//jdt8.net/c/?si=17664&li=1763184&wi=#MEDIA_ID#&ws=#SUB_ID#","EUR"
17850,"RST-lights (FI)","//jdt8.net/c/?si=17850&li=1773170&wi=#MEDIA_ID#&ws=#SUB_ID#","EUR"
17943,"KaartDirect.nl (NL)","//jdt8.net/c/?si=17943&li=1776077&wi=#MEDIA_ID#&ws=#SUB_ID#","EUR"
17944,"KarteDirekt.de (DE)","//jdt8.net/c/?si=17944&li=1776078&wi=#MEDIA_ID#&ws=#SUB_ID#","EUR"
17946,"Woolsocks (INT)","//jdt8.net/c/?si=17946&li=1776097&wi=#MEDIA_ID#&ws=#SUB_ID#","EUR"
18003,"Senifone (NL)","//partners.senifone.nl/c/?si=18003&li=1779458&wi=#MEDIA_ID#&ws=#SUB_ID#","EUR"
18024,"RST-Steel (FI)","//jdt8.net/c/?si=18024&li=1780068&wi=#MEDIA_ID#&ws=#SUB_ID#","EUR"
18025,"RST-Steel (Nordics - DE)","//jdt8.net/c/?si=18025&li=1780069&wi=#MEDIA_ID#&ws=#SUB_ID#","EUR"
18073,"MEL Science (INT)","//bdt9.net/c/?si=18073&li=1782399&wi=#MEDIA_ID#&ws=#SUB_ID#","EUR"
18346,"Myka (EU)","//bdt9.net/c/?si=18346&li=1792658&wi=#MEDIA_ID#&ws=#SUB_ID#","EUR"
18357,"Lureaux","//bdt9.net/c/?si=18357&li=1793240&wi=#MEDIA_ID#&ws=#SUB_ID#","EUR"
18358,"Lureaux FR/BEFR","//bdt9.net/c/?si=18358&li=1793241&wi=#MEDIA_ID#&ws=#SUB_ID#","EUR"
18359,"Lureaux DE","//bdt9.net/c/?si=18359&li=1793242&wi=#MEDIA_ID#&ws=#SUB_ID#","EUR"
18363,"Scootworld (PL)","//jf79.net/c/?si=18363&li=1793891&wi=#MEDIA_ID#&ws=#SUB_ID#","EUR"
18403,"PineCone Research (DE) 18-34, 55+yo","//lt45.net/c/?si=18403&li=1795749&wi=#MEDIA_ID#&ws=#SUB_ID#","EUR"
18407,"HomeWizard (INT)","//partner.homewizard.com/c/?si=18407&li=1795784&wi=#MEDIA_ID#&ws=#SUB_ID#","EUR"
18451,"Halara (DE)","//bdt9.net/c/?si=18451&li=1797279&wi=#MEDIA_ID#&ws=#SUB_ID#","EUR"
18452,"Ochama (EU)","//bdt9.net/c/?si=18452&li=1797306&wi=#MEDIA_ID#&ws=#SUB_ID#","EUR"
18488,"Lego (EU)","//bdt9.net/c/?si=18488&li=1798470&wi=#MEDIA_ID#&ws=#SUB_ID#","EUR"
18538,"Erotes (FR)","//lt45.net/c/?si=18538&li=1799242&wi=#MEDIA_ID#&ws=#SUB_ID#","EUR"
18539,"Erovibes (DE)","//lt45.net/c/?si=18539&li=1799244&wi=#MEDIA_ID#&ws=#SUB_ID#","EUR"
18556,"Florastore (INT)","//bdt9.net/c/?si=18556&li=1799997&wi=#MEDIA_ID#&ws=#SUB_ID#","EUR"
19460,"Horizoom Panel (AT)","//bdt9.net/c/?si=19460&li=1832708&wi=#MEDIA_ID#&ws=#SUB_ID#","EUR"
18566,"Kaisers (DE)","//bdt9.net/c/?si=18566&li=1800447&wi=#MEDIA_ID#&ws=#SUB_ID#","EUR"
18585,"Senifone (DE)","//partners.senifone.de/c/?si=18585&li=1800586&wi=#MEDIA_ID#&ws=#SUB_ID#","EUR"
18612,"Audible (FR)","//bdt9.net/c/?si=18612&li=1801604&wi=#MEDIA_ID#&ws=#SUB_ID#","EUR"
18613,"Audible (DACH)","//bdt9.net/c/?si=18613&li=1801605&wi=#MEDIA_ID#&ws=#SUB_ID#","EUR"
18614,"Audible (ES)","//bdt9.net/c/?si=18614&li=1801607&wi=#MEDIA_ID#&ws=#SUB_ID#","EUR"
18615,"Audible (IT)","//bdt9.net/c/?si=18615&li=1801608&wi=#MEDIA_ID#&ws=#SUB_ID#","EUR"
18655,"Flink App (DE)","//bdt9.net/c/?si=18655&li=1802696&wi=#MEDIA_ID#&ws=#SUB_ID#","EUR"
18925,"Bornholm Spirits (DK - SE - NO - DE)","//bdt9.net/c/?si=18925&li=1813979&wi=#MEDIA_ID#&ws=#SUB_ID#","DKK"
18962,"QuieroVinos (INT)","//bdt9.net/c/?si=18962&li=1815749&wi=#MEDIA_ID#&ws=#SUB_ID#","EUR"
19003,"The Meatlovers (DE)","//bdt9.net/c/?si=19003&li=1817012&wi=#MEDIA_ID#&ws=#SUB_ID#","EUR"
19039,"Sonjas Apotek (DK - FI)","//bdt9.net/c/?si=19039&li=1818210&wi=#MEDIA_ID#&ws=#SUB_ID#","SEK"
19070,"Happy420 (DE)","//bdt9.net/c/?si=19070&li=1819568&wi=#MEDIA_ID#&ws=#SUB_ID#","EUR"
19169,"Best Petfoods (DE)","//jdt8.net/c/?si=19169&li=1823114&wi=#MEDIA_ID#&ws=#SUB_ID#","EUR"
19178,"Best Petfoods (FR)","//jdt8.net/c/?si=19178&li=1823569&wi=#MEDIA_ID#&ws=#SUB_ID#","EUR"
20429,"Opinionz (AU)","//ds1.nl/c/?si=20429&li=1867599&wi=#MEDIA_ID#&ws=#SUB_ID#","EUR"
19197,"Workout Brands (EU)","//bdt9.net/c/?si=19197&li=1824176&wi=#MEDIA_ID#&ws=#SUB_ID#","SEK"
19236,"Tibladin (DK - DE- SE - NL - FR)","//m.tibladin.dk/c/?si=19236&li=1825143&wi=#MEDIA_ID#&ws=#SUB_ID#","DKK"
19248,"Elliotti (INT)","//glp8.net/c/?si=19248&li=1826271&wi=#MEDIA_ID#&ws=#SUB_ID#","EUR"
19270,"Offgridconnection (DK)","//glp8.net/c/?si=19270&li=1827134&wi=#MEDIA_ID#&ws=#SUB_ID#","DKK"
19271,"Offgridconnection (SE)","//glp8.net/c/?si=19271&li=1827135&wi=#MEDIA_ID#&ws=#SUB_ID#","DKK"
19272,"Offgridconnection (DE)","//glp8.net/c/?si=19272&li=1827136&wi=#MEDIA_ID#&ws=#SUB_ID#","DKK"
19274,"Permild & Rosengreen (DK)","//glp8.net/c/?si=19274&li=1827167&wi=#MEDIA_ID#&ws=#SUB_ID#","DKK"
19275,"Permild & Rosengreen (DE)","//glp8.net/c/?si=19275&li=1827178&wi=#MEDIA_ID#&ws=#SUB_ID#","DKK"
19297,"Guldcenter (DK)","//glp8.net/c/?si=19297&li=1828061&wi=#MEDIA_ID#&ws=#SUB_ID#","DKK"
19298,"Schmuckzentrum (DE)","//glp8.net/c/?si=19298&li=1828062&wi=#MEDIA_ID#&ws=#SUB_ID#","DKK"
19485,"DailyRewards (CA)","//lt45.net/c/?si=19485&li=1833292&wi=#MEDIA_ID#&ws=#SUB_ID#","USD"
19540,"Sabon (DE)","//jf79.net/c/?si=19540&li=1837199&wi=#MEDIA_ID#&ws=#SUB_ID#","EUR"
19541,"Sabon (NL)","//jf79.net/c/?si=19541&li=1837200&wi=#MEDIA_ID#&ws=#SUB_ID#","EUR"
19600,"Happy Mammoth (EU)","//glp8.net/c/?si=19600&li=1839644&wi=#MEDIA_ID#&ws=#SUB_ID#","EUR"
19656,"Home-Tex (NL)","//fr135.net/c/?si=19656&li=1840471&wi=#MEDIA_ID#&ws=#SUB_ID#","DKK"
19657,"Home-Tex (DE)","//fr135.net/c/?si=19657&li=1840472&wi=#MEDIA_ID#&ws=#SUB_ID#","DKK"
19828,"KingGlass (NL)","//glp8.net/c/?si=19828&li=1843585&wi=#MEDIA_ID#&ws=#SUB_ID#","EUR"
19840,"Herbs by Sonja (NL - DE)","//bdt9.net/c/?si=19840&li=1845150&wi=#MEDIA_ID#&ws=#SUB_ID#","SEK"
19866,"Driffle","//glp8.net/c/?si=19866&li=1846486&wi=#MEDIA_ID#&ws=#SUB_ID#","EUR"
19876,"IRi Shopper Panel (US)","//lt45.net/c/?si=19876&li=1846869&wi=#MEDIA_ID#&ws=#SUB_ID#","USD"
19882,"Myticket (DE)","//glp8.net/c/?si=19882&li=1847398&wi=#MEDIA_ID#&ws=#SUB_ID#","EUR"
19896,"Carwow (DE)","//glp8.net/c/?si=19896&li=1847749&wi=#MEDIA_ID#&ws=#SUB_ID#","EUR"
19898,"Next (EU)","//glp8.net/c/?si=19898&li=1847751&wi=#MEDIA_ID#&ws=#SUB_ID#","EUR"
19900,"OpinionWorld (JP) - USD - CP1C","//lt45.net/c/?si=19900&li=1847798&wi=#MEDIA_ID#&ws=#SUB_ID#","USD"
19959,"Volero (NL-BE)","//glp8.net/c/?si=19959&li=1852261&wi=#MEDIA_ID#&ws=#SUB_ID#","EUR"
19964,"likka (EU)","//glp8.net/c/?si=19964&li=1852503&wi=#MEDIA_ID#&ws=#SUB_ID#","EUR"
19971,"Shaping New Tomorrow (DE)","//glp8.net/c/?si=19971&li=1853086&wi=#MEDIA_ID#&ws=#SUB_ID#","EUR"
19978,"North Sails (EU)","//glp8.net/c/?si=19978&li=1853597&wi=#MEDIA_ID#&ws=#SUB_ID#","EUR"
20009,"La Martina (INT)","//glp8.net/c/?si=20009&li=1854557&wi=#MEDIA_ID#&ws=#SUB_ID#","EUR"
20038,"Volero (DE)","//glp8.net/c/?si=20038&li=1856059&wi=#MEDIA_ID#&ws=#SUB_ID#","EUR"
20039,"Pashminawear (DK)","//glp8.net/c/?si=20039&li=1856071&wi=#MEDIA_ID#&ws=#SUB_ID#","DKK"
20041,"Pashminawear (DE)","//glp8.net/c/?si=20041&li=1856080&wi=#MEDIA_ID#&ws=#SUB_ID#","DKK"
20042,"Pashminawear (SE)","//glp8.net/c/?si=20042&li=1856082&wi=#MEDIA_ID#&ws=#SUB_ID#","DKK"
20043,"Pashminawear (NO)","//glp8.net/c/?si=20043&li=1856083&wi=#MEDIA_ID#&ws=#SUB_ID#","DKK"
20047,"Eco Supplements (DK)","//glp8.net/c/?si=20047&li=1856426&wi=#MEDIA_ID#&ws=#SUB_ID#","EUR"
20048,"Eco Supplements (SE)","//glp8.net/c/?si=20048&li=1856498&wi=#MEDIA_ID#&ws=#SUB_ID#","EUR"
20049,"Eco Supplements (FI)","//glp8.net/c/?si=20049&li=1856510&wi=#MEDIA_ID#&ws=#SUB_ID#","EUR"
20050,"Eco Supplements (NL)","//glp8.net/c/?si=20050&li=1856511&wi=#MEDIA_ID#&ws=#SUB_ID#","EUR"
20051,"Eco Supplements (DE)","//glp8.net/c/?si=20051&li=1856512&wi=#MEDIA_ID#&ws=#SUB_ID#","EUR"
20052,"Eco Supplements (PL)","//glp8.net/c/?si=20052&li=1856513&wi=#MEDIA_ID#&ws=#SUB_ID#","EUR"
20053,"Eco Supplements (FR)","//glp8.net/c/?si=20053&li=1856514&wi=#MEDIA_ID#&ws=#SUB_ID#","EUR"
20054,"Eco Supplements (ES)","//glp8.net/c/?si=20054&li=1856515&wi=#MEDIA_ID#&ws=#SUB_ID#","EUR"
20055,"Eco Supplements (IT)","//glp8.net/c/?si=20055&li=1856516&wi=#MEDIA_ID#&ws=#SUB_ID#","EUR"
20077,"KingGlass (DE)","//glp8.net/c/?si=20077&li=1857696&wi=#MEDIA_ID#&ws=#SUB_ID#","EUR"
20151,"Satorisan (INT)","//glp8.net/c/?si=20151&li=1860142&wi=#MEDIA_ID#&ws=#SUB_ID#","EUR"
20162,"Stilettoschuhe.com (DE)","//jdt8.net/c/?si=20162&li=1860995&wi=#MEDIA_ID#&ws=#SUB_ID#","EUR"
20205,"Green-bubble","//glp8.net/c/?si=20205&li=1862322&wi=#MEDIA_ID#&ws=#SUB_ID#","EUR"
20256,"Liforme (INT)","//glp8.net/c/?si=20256&li=1864288&wi=#MEDIA_ID#&ws=#SUB_ID#","EUR"